title,company_name,company_logo_url,location,salary_text,salary_min,salary_max,skills,description,requirements,benefits,deadline,source_name,source_url,quality_score,is_active
Nhân Viên Kiểm Thử Phần Mềm,CÔNG TY TNHH RORZE ROBOTECH,https://static.careerlink.vn/image/da41211b2bc46d988d6c09917573eda1,"Quận An Dương, Hải Phòng",Cạnh tranh,,,,,,,,CareerLink,https://careerlink.vn/tim-viec-lam/nhan-vien-kiem-thu-phan-mem/3535137,0.8824,true
"Effect-Animation (Unity) - Tiếng Anh - Quận Bình Thạnh, TPHCM.",CareerLink's Client,https://blob-careerlinkvn.careerlink.vn/company_logos/6f851d10948fe93582f98e7751a04632.png,"Bình Thạnh, Hồ Chí Minh",,,,,,,,,CareerLink,https://careerlink.vn/tim-viec-lam/effect-animation-unity-tieng-anh-quan-binh-thanh-tphcm-./3411956,0.6471,true
Lập Trình Viên,Công Ty TNHH Thương Mại Và Dịch Vụ Ban Mai,https://static.careerlink.vn/image/d4789a9f1db6340c35e3936a6e10aab9,"Đại Mỗ, Hà Nội",,,,,,,,,CareerLink,https://careerlink.vn/tim-viec-lam/lap-trinh-vien/3512600,0.6471,true
Kỹ Sư IT Phần Mềm (Vũng Tàu Cũ),CÔNG TY TNHH TÀI NGUYÊN CHC VIỆT NAM - CHI NHÁNH BÀ RỊA - VŨNG TÀU,https://static.careerlink.vn/image/3150009b64fabf9594298f2bbb7e5fa6,"Phú Mỹ, Hồ Chí Minh",,,,,,,,,CareerLink,https://careerlink.vn/tim-viec-lam/ky-su-it-phan-mem-vung-tau-cu/3520092,0.7647,true
Winform (App) Developer,CÔNG TY TNHH PHÁT TRIỂN CÔNG NGHỆ ĐIỆN TỬ BÌNH ANH,https://static.careerlink.vn/image/9eb0b7b537b7bb5b462af8c5e61c2488,"Định Công, Hà Nội",,,,,,,,,CareerLink,https://careerlink.vn/tim-viec-lam/winform-app-developer/3534432,0.7647,true
Trưởng Bộ Phận IT,Công ty Cổ phần Nguyên Liệu Thực Phẩm Á Châu Sài Gòn,https://static.careerlink.vn/image/3f9f5b8b3f9e5e5c3d6a7b8c9d0e1f2a,"Thới Hòa, Hồ Chí Minh",,,,,,,,,CareerLink,https://careerlink.vn/tim-viec-lam/truong-bo-phan-it/3534091,0.7647,true
DATA ENGINEER,CÔNG TY TNHH PHÁT TRIỂN CÔNG NGHỆ ĐIỆN TỬ BÌNH ANH,https://static.careerlink.vn/image/d7dc2592b54f79eb015f7229053a9e27,"Định Công, Hà Nội",,,,,,,Được đi du lịch 2-3 lần trong 1 năm,2026-07-11,CareerLink,https://careerlink.vn/tim-viec-lam/data-engineer/3534173,0.7647,true
NHÂN VIÊN KINH DOANH - KHU VỰC BÌNH DƯƠNG,CÔNG TY CỔ PHẦN TẬP ĐOÀN KHOA HỌC CÔNG NGHỆ BÁCH KHOA,https://static.careerlink.vn/image/abc123,"Bình Dương, Hồ Chí Minh",,,,,,,,,CareerLink,https://careerlink.vn/tim-viec-lam/nhan-vien-kinh-doanh-khu-vuc-binh-duong/3515031,0.7647,true
Data Management Staff / Statistical Analysis Staff,Công Ty TNHH CMIC Data Science Việt Nam,https://static.careerlink.vn/image/52a7ef5c6a134fe019ca9c601d46c751,"An Hải, Đà Nẵng",,,,,"What are DM and STAT?
- To support clinical trials, CDSVN focuses on two core functions:
DM (Data Management)
- Ensure that clinical trial data are properly prepared to support statistical analysis and regulatory submission through the following tasks:
+ Design of data entry screens
+ Data cleaning and validation (error and inconsistency checks)
+ Queries to sites (communication with medical institutions)
+ Final data confirmation (database lock)
STAT (Statistical Analysis)
- Ensure that clinical trial data are appropriately analysed to support clinical development and regulatory submission through the following tasks:
+ Use statistical methods and SAS programming
+ Generate analysis datasets, tables, and reports","Job Requirements:
Experience: No prior experience required; Fresh Graduates are highly encouraged to apply.
Education: Bachelor's degree or higher in Pharmacy or a science-related field in general (Data Science, Computer Science, Statistics, Mathematics, Biotechnology is preferred)
English Proficiency: Minimum TOEIC score of 650 (or equivalent).
Availability: able to start on August 1st.
Commitment & Development:
Year 1: Focus on intensive training, skill upgrades, and obtaining professional certificates.
Year 2 onwards: Direct involvement in official clinical trial projects.
We are looking for candidates who are committed to long-term career growth with the company.
Preferred Qualifications (Advantages):
Medical Background: Basic knowledge of medical terminology or clinical research is a plus.
IT skills: Basic knowledge of or interest in programming (e.g., SAS, SQL) and basic Excel skills (e.g., organizing and handling data using simple functions) are a plus.
Language Skills: Proficiency in Japanese (JLPT N3 or above) is highly valued.
International Opportunity: High-performing staff will have the opportunity for intensive training in Japan (eligible from the 3rd year of employment).
Interview process: the selection process consists of 2 rounds:
1 st : Interview (offline) with HR (by English); Discussion of salary expectations and initial
suitability + Test IQ
2 nd : Final interview (Online/Offline) with General Director (by English) in June or July 2026","Workday (Monday – Friday).
Annual team-building trips and off-site meetings (e.g., Nha Trang, Hue, Hoi An.., etc.).
Flexible start and end times under a core-hours system, allowing you to avoid rush-hour commuting and better balance work and personal commitments   (Start time between 7:00 AM and 10:00 AM, depending on team operations)
No overtime policy to ensure health and well-being.
Generous JLPT bonuses
Fully paid leaves for all Vietnamese Public Holidays and selected Japanese Holidays.
Premium Bao Viet Health Insurance for employees and their children.
Annual comprehensive health check-ups.
Long-service awards for 5-year and 10-year milestones.
100% sponsorship for HPV vaccination.
100% sponsorship for flu vaccination
Physical Wellness: Partial sponsorship (subsidies) for sports classes and fitness memberships to encourage a healthy lifestyle.
Competitive allowances and social insurance.
Partial sponsorship for Japanese language classes.
Flexible Work-from-Home options for pregnant employees and parents with children under 2 years old.",2026-06-20,CareerLink,https://careerlink.vn/tim-viec-lam/data-management-staff-statistical-analysis-staff/3511052,0.7647,true
NHÂN VIÊN IT,CÔNG TY CỔ PHẦN LONG HẢI QUẢNG NINH,https://www.careerlink.vn/web/images/common/no-logo.png,"Uông Bí, Yên Tử, Quảng Ninh",Thương lượng,,,,"* Địa điểm làm việc: Dự án Hoa viên Nghĩa trang Thiên Phúc Vĩnh Hằng Viên, Quảng Ninh
* Giới thiệu dự án
- Thiên Phúc Vĩnh Hằng Viên là dự án hoa viên nghĩa trang cao cấp, rộng 32,5 ha, tọa lạc trên địa bàn phường Uông Bí và phường Yên Tử, tỉnh Quảng Ninh. Dự án được đầu tư bởi Công ty Cổ phần Long Hải Quảng Ninh và được hợp tác triển khai cùng đơn vị Sala Garden – thương hiệu uy tín trong lĩnh vực hoa viên sinh thái.
- Chúng tôi đang tìm kiếm 01 Nhân viên IT.
* Công việc chính
- Quản trị hệ thống và hạ tầng mạng.
- Hỗ trợ kỹ thuật.
- Bảo mật và lưu trữ dữ liệu.
- Quản lý thiết bị và phần mềm.
* Quyền lợi
- Đóng BHXH, BHYT, BHTN... đầy đủ
- Môi trường làm việc chuyên nghiệp.
- Hưởng đầy đủ chế độ theo quy định.","* Yêu cầu
- Kinh nghiệm tối thiểu 2 năm.
- Am hiểu phần cứng máy tính, quản trị mạng và các hệ điều hành.
- Giải quyết vấn đề nhanh.
- Tận tâm, hỗ trợ kịp thời và có tinh thần trách nhiệm với tính bảo mật của dữ liệu.",A chance to travel 2-3 times a year,2026-07-08,CareerLink,https://careerlink.vn/tim-viec-lam/nhan-vien-it/3529464,0.8824,true
NHÂN VIÊN IT,Anh Quân Bakery,https://static.careerlink.vn/image/9d332ef0897ee1f52d2accc18ab1241a,"Huyện Hòa Vang, Đà Nẵng",Thương lượng,,,,"- Hỗ trợ Hành chính quản lý, bảo trì, thay thế tài sản thiết bị văn phòng (Sửa máy tính , máy in phần cứng và phần mềm, nạp mực máy in các loại...)
- Cấu hình và thi công lắp đặt, giám sát camera, bảo mật hệ thống mạng.
- Cấu hình email server nội bộ, quản lý máy server nội bộ.
- Xử lý các sự cố về mạng
- Lên kế hoạch bảo trì, nâng cấp hệ thống, thiết bị định kỳ.
- Đề xuất các phương án bảo trì, nâng cấp hệ thống, thay đổi dịch vụ theo yêu cầu phát triển của Công ty.
- Thực hiện một số công việc theo yêu cầu Trưởng phòng và Ban Giám đốc.","- Trình độ học vấn: Cao đẳng trở lên
- Có kinh nghiệm 1 năm ở vị trí tương đương, ưu tiên có kinh nghiệm trong lĩnh vực sản xuất.
- Chịu được áp lực cao, cẩn thận, tỉ mỉ, có trách nhiệm với công việc.","Được hưởng chế độ BHYT, BHXH, BHTN theo quy định
Được cấp máy tính cá nhân riêng để phục vụ công việc
Hàng năm xem xét điều chỉnh tăng lương
Môi trường làm việc hòa đồng, thân thiện",2026-07-05,CareerLink,https://careerlink.vn/tim-viec-lam/nhan-vien-it/3527728,0.8824,true
"Project Manager (N2/N1, Testing Projects)",Công Ty Cổ Phần Tập Đoàn Omi (OmiGroup),https://blob-careerlinkvn.careerlink.vn/company_logos/6d702a1d6824d6e5bc24359f5cd080d0.png,"N/A, Hà Nội",Thương lượng,,,,"Là một Công ty hoạt động trong lĩnh vực Y tế số, chúng tôi coi nhân sự là trung tâm của mọi hành động. Ominext đang nỗ lực xây dựng một môi trường sống hạnh phúc, chú trọng tới phát triển chuyên môn và chăm sóc sức khỏe cho từng Cán bộ nhân viên, người thân của họ! Gia nhập Ominext ngay hôm nay để tận hưởng các ưu đãi đặc quyền dành riêng cho người Omi.
* Với vai trò là Project Manager (N2/N1, Testing Projects) , ứng viên sẽ thực hiện các công việc:
- Làm việc với khách hàng Nhật Bản/Hàn Quốc thông qua Kỹ sư cầu nối: giao tiếp, thương lượng, tiếp nhận yêu cầu, phân tích yêu cầu dự án và trao đổi yêu cầu tới nhóm dự án.
- Tham gia họp dự án, trao đổi trực tiếp với khách hàng Nhật Bản.
- Làm rõ yêu cầu, scope, issue và truyền đạt chính xác tới team offshore.
- Báo cáo tiến độ, rủi ro và tình trạng dự án định kỳ.
- Chủ động xây dựng mối quan hệ hợp tác lâu dài và tin cậy với khách hàng.
- Xây dựng nhóm dự án.
- Chịu trách nhiệm các công việc khác theo sự phân công của Ban Giám đốc.
* Môi trường làm việc lý tưởng, được tôn trọng:
- Được làm việc trong một môi trường đạt được tiêu chuẩn cao về sự hài lòng của nhân viên.
- Thời gian làm việc thoải mái: Thứ 2 – Thứ 6, flexible check in (Linh hoạt 8h/ngày, check in tiêu chuẩn 8h-8h45).
- Chính sách làm việc remote linh hoạt 2 ngày/tháng. Áp dụng ngay từ thời gian thử việc.
- Chính sách đăng ký OT linh hoạt: OT remote và OT offline.
- Chính sách Your times: nghỉ có hưởng lương lên tới 12 ngày trong năm và các ngày nghỉ lễ theo luật Lao động.
- Văn phòng làm việc với không gian mở, khu pantry miễn phí đồ uống.)
- No Dresscode: trang phục đi làm lịch sự, thoải mái, tôn trọng cá nhân.
* Tập trung hỗ trợ sự phát triển cá nhân:
- Mentor 1-1, sát sao tận tình.
- Được tư vấn, đồng hành và hỗ trợ phát triển sự nghiệp cùng với hệ thống career path (phát triển theo hướng chuyên gia hoặc hướng quản lý) đã được nghiên cứu, thử nghiệm trong nhiều năm.
- Tham gia khóa học tiếng Nhật, tiếng Anh miễn phí.
- Cơ hội tham gia nhiều dự án đa dạng, team size từ 10MM - 150MM.
- Quy trình phát triển phần mềm chặt chẽ, theo các mô hình: Agile, Scrum, Waterfall.
- Cơ hội thăng tiến
* Quan tâm đặc biệt tới nhân viên:
- Mức lương: Hấp dẫn, cạnh tranh với thị trường.
- Thưởng hiệu quả sản xuất kinh doanh 2 lần/năm. Thưởng nóng, thưởng lễ tết, lương tháng 13.
- Xét tăng lương/thăng chức 2 lần/năm.
- Hỗ trợ 100% chi phí thi chứng chỉ CNTT theo chính sách công ty.
- Chế độ chăm sóc phụ nữ: nghỉ có hưởng lương 1h/ngày nghỉ sau sinh cho nhân viên nữ có con dưới 12 tháng.
- Bảo hiểm chăm sóc sức khỏe cao cấp miễn phí dành riêng cho Omizens.
- Tủ thuốc miễn phí chăm sóc sức khỏe cá nhân tại Văn phòng làm việc.
- Khám sức khỏe thường niên tại phòng khám, bệnh viện hàng đầu Việt Nam cùng các chế độ BHXH theo quy định của nhà nước.
- Được tham gia các CLB để nâng cao sức khỏe, tinh thần: CLB bóng đá, CLB cầu lông, CLB bóng bàn,...
- Du lịch thường niên, hoạt động team building hàng năm.","* Yêu cầu công việc
- Tiếng Nhật JLPT N2 trở lên, có khả năng giao tiếp trực tiếp với khách hàng Nhật trong môi trường dự án.
- Có kinh nghiệm BrSE làm việc trực tiếp với khách hàng
- Có kinh nghiệm Testing/BA là 1 lợi thế
- Từng có kinh nghiệm quản lý Team >10 người
- Ưu tiên ứng viên có kinh nghiêm Testing/BA.
- Lý do đồng hành cùng OmiGroup",,2026-07-04,CareerLink,https://careerlink.vn/tim-viec-lam/project-manager-n2-n1-testing-projects/3526353,0.7647,true
Business Analyst (Healthcare Product),Công Ty Cổ Phần Tập Đoàn Omi (OmiGroup),https://blob-careerlinkvn.careerlink.vn/company_logos/6d702a1d6824d6e5bc24359f5cd080d0.png,"N/A, Hà Nội",Thương lượng,,,,"Là một Công ty hoạt động trong lĩnh vực Y tế số, chúng tôi coi nhân sự là trung tâm của mọi hành động. OmiGroup đang nỗ lực xây dựng một môi trường sống hạnh phúc, chú trọng tới phát triển chuyên môn và chăm sóc sức khỏe cho từng Cán bộ nhân viên, người thân của họ! Gia nhập OmiGroup ngay hôm nay để tận hưởng các ưu đãi đặc quyền dành riêng cho Omizens.
* Với vai trò Business Analyst, bạn sẽ thực hiện các công việc:
- Đầu mối chủ trì tiếp nhận và làm rõ các yêu cầu từ các bên liên quan (Các đơn vị y tế/ Nhân viên y tế và khách hàng liên quan…).
- Phân tích, đánh giá và xác định phạm vi các yêu cầu nghiệp vụ.
- Xây dựng tài liệu đặc tả yêu cầu (SRS) chi tiết và rõ ràng, bao gồm use case, business rule, process flow, wireframe,...
- Làm việc với các bộ phận liên quan (phát triển, kiểm thử, thiết kế...) để đảm bảo hiểu đúng và đầy đủ các yêu cầu.
- Hỗ trợ quản lý dự án trong việc lập kế hoạch, theo dõi tiến độ và báo cáo.
- Tham gia vào quá trình kiểm thử, đảm bảo sản phẩm đáp ứng đúng yêu cầu nghiệp vụ.
- Thực hiện các công việc khác theo sự phân công của quản lý.
* Môi trường làm việc lý tưởng, được tôn trọng:
- Được làm việc trong một môi trường đạt được tiêu chuẩn cao về sự hài lòng của nhân viên.
- Thời gian làm việc thoải mái: Thứ 2 – Thứ 6, flexible check in (Linh hoạt 8h/ngày, check in tiêu chuẩn 8h-8h45).
- Chính sách làm việc remote linh hoạt 2 ngày/tháng. Áp dụng ngay từ thời gian thử việc.
- Chính sách đăng ký OT linh hoạt: OT remote và OT offline.
- Chính sách Your times: nghỉ có hưởng lương lên tới 12 ngày trong năm và các ngày nghỉ lễ theo luật Lao động.
- Văn phòng làm việc với không gian mở, khu pantry miễn phí đồ uống.
- No Dresscode: trang phục đi làm lịch sự, thoải mái, tôn trọng cá nhân.
* Tập trung hỗ trợ sự phát triển cá nhân:
- Được tư vấn, đồng hành và hỗ trợ phát triển sự nghiệp cùng với hệ thống career path (phát triển theo hướng chuyên gia hoặc hướng quản lý) đã được nghiên cứu, thử nghiệm trong nhiều năm.
- Tham gia khóa học tiếng Nhật, tiếng Anh miễn phí.
- Cơ hội tham gia nhiều dự án đa dạng, team size từ 10MM - 150MM.
- Quy trình phát triển phần mềm chặt chẽ, theo các mô hình: Agile, Scrum, Waterfall.
- Cơ hội thăng tiến cao.
* Quan tâm đặc biệt tới nhân viên:
- Mức lương: Hấp dẫn, cạnh tranh với thị trường.
- Thưởng hiệu quả sản xuất kinh doanh 2 lần/năm. Thưởng nóng, thưởng lễ tết, lương tháng 13.
- Hỗ trợ 100% chi phí thi chứng chỉ CNTT theo chính sách công ty.
- Chế độ chăm sóc phụ nữ: nghỉ có hưởng lương 1h/ngày nghỉ sau sinh cho nhân viên nữ có con dưới 12 tháng.
- Bảo hiểm chăm sóc sức khỏe cao cấp miễn phí dành riêng cho Omizens.
- Tủ thuốc miễn phí chăm sóc sức khỏe cá nhân tại Văn phòng làm việc.
- Khám sức khỏe thường niên tại phòng khám, bệnh viện hàng đầu Việt Nam cùng các chế độ BHXH theo quy định của nhà nước.
- Được tham gia các CLB để nâng cao sức khỏe, tinh thần: CLB bóng đá, CLB cầu lông, CLB bóng bàn,...
- Du lịch thường niên, hoạt động team building hàng năm.
* Địa điểm làm việc: Tầng 13, tòa nhà 789, số 147 đường Hoàng Quốc Việt, Cầu Giấy, Hà Nội.","* Yêu cầu ứng viên
- Tốt nghiệp Đại học chuyên ngành CNTT, Quản trị kinh doanh hoặc các ngành liên quan.
- Có kỹ năng về: thu thập, phân tích, làm việc nhóm, giao tiếp, phản biện, ...
- Có khả năng thiết kế Prototype, WireFrame, Screenflow, ... (sử dụng công cụ figma)
- Có ít nhất 2 - 3 năm kinh nghiệm làm Business Analyst các dự án y tế trong nước
- Có kiến thức chuyên sâu về phân tích nghiệp vụ, quy trình phát triển phần mềm.
- Kỹ năng thu thập, phân tích và diễn giải yêu cầu nghiệp vụ tốt.
- Khả năng viết tài liệu đặc tả yêu cầu (SRS) rõ ràng, chi tiết.
- Kỹ năng giao tiếp, thuyết trình và làm việc nhóm tốt.
- Có khả năng làm việc độc lập và chịu áp lực cao.
- Lý do đồng hành cùng OmiGroup",,2026-07-03,CareerLink,https://careerlink.vn/tim-viec-lam/business-analyst-healthcare-product/3525233,0.7647,true
NHÂN VIÊN IT,CÔNG TY TNHH DONGDO ELECTRONICS HẢI PHÒNG,https://static.careerlink.vn/image/4bb3300073b189c64d21e4d8d365b006,"Quận An Dương, Hải Phòng",Thương lượng,,,,"- Quản lý hệ thống mạng công ty : mạng nội bộ + mạng internet , các máy chủ , hỗ trợ người dùng các vấn đề liên quan thiết bị IT
- Hỗ trợ giám sát và vận hành hệ thống phần mềm sản xuất , hướng dẫn và đào tạo người dùng mới
- Quản lý tài sản IT : mua bán , sửa chữa , tình trạng sử dụng
- Quản lý các máy chủ : backup sao lưu dữ liệu, vận hành
- Kỹ năng xử lý sự cố và báo cáo cho cấp trên .","- Giao tiếp thành thạo tiếng Anh hoặc tiếng Hàn
- Ưu tiên ứng viên có kinh nghiệm trong công ty sản xuất",Chế độ đãi ngộ tốt,2026-07-04,CareerLink,https://careerlink.vn/tim-viec-lam/nhan-vien-it/3527442,0.7647,true
"C++ Software Engineer (Semiconductor Automation Systems) - Tiếng Nhật | Cần Giuộc, Long An",CareerLink's Client,https://blob-careerlinkvn.careerlink.vn/company_logos/6f851d10948fe93582f98e7751a04632.png,"Cần Giuộc, Tây Ninh",Thương lượng,,,,"- Phát triển và duy trì phần mềm điều khiển máy tính cho các thiết bị, máy móc trong lĩnh vực bán dẫn.
- Tham gia phát triển ứng dụng trên nền tảng C++, C và Microsoft MFC.
- Phân tích yêu cầu kỹ thuật, thiết kế và lập trình các chức năng điều khiển thiết bị.
- Kiểm tra, khắc phục lỗi và tối ưu hiệu suất phần mềm.
- Phối hợp với các bộ phận liên quan trong quá trình triển khai và vận hành hệ thống.
- Sẵn sàng đi công tác nước ngoài để lắp đặt, bảo trì và hỗ trợ kỹ thuật khi có yêu cầu.
- Thực hiện các công việc khác theo sự phân công của cấp trên.
*** Thời gian làm việc: Từ 7h50 – 16h40, từ thứ 2- thứ 7 (nghỉ 2 ngày thứ 7/tháng)
*** Địa điểm làm việc: KCN Long Hậu, Cần Giuộc, Tây Ninh (trước đây thuộc Long An)
*** Phúc lợi:
Các chế độ phúc lợi khác theo quy định của công ty (Trợ cấp chi phí đi lại, nhà ở, cơm trưa; hỗ trợ tiền sinh nhật, hiếu hỷ, du lịch, xét nâng lương, thưởng hàng năm, tham gia bảo hiểm và các chế độ khác theo luật lao động).","- Tốt nghiệp Cao đẳng/Đại học chuyên ngành Công nghệ Thông tin hoặc các ngành liên quan.
- Có từ 1 – 3 năm kinh nghiệm ở vị trí tương đương.
- Có kinh nghiệm lập trình C/C++, ưu tiên ứng viên có kinh nghiệm phát triển ứng dụng bằng Microsoft MFC.
- Có khả năng giao tiếp tiếng Nhật trong công việc.
- Sẵn sàng đi công tác nước ngoài.
- Có tinh thần trách nhiệm, chủ động, chịu được áp lực công việc và làm việc nhóm tốt.",,2026-07-04,CareerLink,https://careerlink.vn/tim-viec-lam/c-software-engineer-semiconductor-automation-systems-tieng-nhat-%7C-can-giuoc-long-an/3527277,0.7647,true
Leader Developer - up to 55M,Thời Trang Adidas - Công Ty Cổ Phần Đầu Tư Thương Mại Phượng Hoàng,https://static.careerlink.vn/image/7fd432e01c2c7af591e664dd6a148cca,"Thanh Xuân, Hà Nội",,,,,"Vị trí Trưởng nhóm Lập trình ứng dụng ERP_trực thuộc phòng CNTT: Quản lý và phát triển đội ngũ phần mềm nhằm triển khai hiệu quả các giải pháp số hóa, tự động hóa và tối ưu vận hành doanh nghiệp theo đúng định hướng kỹ thuật và tiến độ dự án.
- Nắm rõ nghiệp vụ, đề xuất kiến trúc hệ thống và giải pháp công nghệ phù hợp với mô hình vận hành doanh nghiệp.
- Vận dụng ứng dụng, phần mềm vào việc triển khai hệ thống, số hóa và tối ưu hiệu quả quy trình vận hành
- Xây dựng hệ sinh thái ứng dụng nội bộ, ERP/POS, nền tảng dữ liệu và các công cụ tự động hóa hỗ trợ vận hành.
- Kiểm soát kiến trúc hệ thống, hiệu năng, bảo mật, dữ liệu và hỗ trợ xử lý các vấn đề kỹ thuật quan trọng trong quá trình vận hành.
- Quản lý kỹ thuật đội ngũ phát triển: phân chia công việc, review code, kiểm soát chất lượng và hỗ trợ xử lý các vấn đề kỹ thuật phức tạp.
- Công việc khác theo yêu cầu từ cấp trên
KPI đánh giá hiệu quả: Đảm bảo triển khai đúng tiến độ các dự án công nghệ, vận hành hệ thống đúng nghiệp vụ, hỗ trợ người dùng kịp thời, thúc đẩy số hóa – tự động hóa quy trình và kiểm soát chất lượng phát triển phần mềm của đội ngũ.","- Trình độ: Tốt nghiệp Cao đẳng trở lên chuyên ngành CNTT , Hệ thống Thông tin hoặc Khoa học Dữ liệu.
- Kinh nghiệm: Có tối thiểu 5 năm kinh nghiệm phát triển phần mềm và từ 1-2 năm ở vị trí Team Lead/Tech Lead hoặc tương đương.
- Thành thạo .NET/.NET Core (C#), SQL Server, API, hệ thống realtime; ưu tiên có kinh nghiệm ReactJS, Mobile App, Microservices và Cloud/DevOps.
- Hiểu rõ quy trình vận hành doanh nghiệp (ERP, POS, Retail, Workflow, Approval, Data Operation) và có khả năng chuyển đổi nghiệp vụ thành giải pháp hệ thống.
- Có khả năng vận dụng ứng dụng, phần mềm vào quy trình vận hành công ty
- Có tư duy tốt về kiến trúc phần mềm, tối ưu hiệu năng, bảo mật, scalability và troubleshooting production system.
- Có tư duy quản lý, lập kế hoạch, điều phối công việc, quản trị tiến độ và xử lý vấn đề hiệu quả.
- Có kỹ năng quản lý đội nhóm, giao tiếp, sharing, phân tích vấn đề và chủ động nghiên cứu công nghệ mới để cải tiến hệ thống.","Tham gia các hoạt động văn hoá tinh thần tại công ty: Party, sinh nhật toàn công ty theo quý, teambuilding định kỳ, thể dục thể thao, du lịch,…
Được hưởng các chế độ phúc lợi theo quy định của Công ty: Sinh nhật, ốm đau, hiếu hỉ, khám sức khỏe định kỳ,…
Tham gia BHXH, BHYT, và hưởng đầy đủ các chế độ theo quy định của nhà nước.
Cung cấp đủ trang thiết bị phục vụ công việc
Nghỉ phép 12 ngày/năm, nghỉ Lễ theo quy định của Luật lao động.
Xét tăng lương định kỳ; tháng lương 13,...",2026-06-28,CareerLink,https://careerlink.vn/tim-viec-lam/leader-developer-up-to-55m/3521127,0.7647,true
TRƯỞNG NHÓM SERVICE DESK,CÔNG TY TNHH TÍN BẢO LAN,https://static.careerlink.vn/image/bc4cc93a80ca82f4afbba45f2e00c49a,"Bình Thạnh, Hồ Chí Minh",Thương lượng,,,,"* NHIỆM VỤ CHÍNH:
- Tổ chức vận hành kênh Service Desk L1: phân ca, phân ticket, thiết lập quy trình phản hồi và theo dõi SLA/MTTA/MTTR.
- Kiểm soát chất lượng xử lý: chuẩn hóa phân loại (Incident/Request/RMA), điều tiết chuyển tuyến L2/Field, bắt buộc nhật ký theo mẫu.
- Điều phối escalations: kích hoạt cảnh báo vượt SLA, xác nhận ETA, phối hợp nguồn lực và thông báo khách hàng.
- Quản trị dữ liệu & báo cáo: duy trì dashboard backlog quá hạn/top issue; phân tích nguyên nhân và đề xuất cải tiến.
- Quản trị knowledge base/checklist: cập nhật mẫu trả lời, kịch bản xử lý lỗi phổ biến, huấn luyện theo tình huống.
- Kiểm nhiệm Delivery ICT: lập kế hoạch triển khai dự án ICT (trading), điều phối thực hiện, QC cấu hình, bàn giao nghiệm thu – hồ sơ.
* PHẠM VI CÔNG VIỆC
- Đầu mối xử lý escalations cấp L1 với Kĩ trọng điểm (theo danh sách ưu tiên của Công ty).
- Chủ trì review sau sự cố (post-incident): lesson learned, cập nhật SOP, KB, đề xuất phòng ngừa.
- Tham gia review chất lượng dữ liệu Fastwork/HTSoft để chuẩn hóa mã KH/thiết bị.
- Toàn bộ nghiệp vụ Service Desk L1 (remote-first) và điều phối L2/Field liên quan.
- Delivery ICT cho các SO Job được phân công (theo checklist triển khai hạ tầng, QC, biên bản).
* TRÁCH NHIỆM
- Chịu trách nhiệm cuối về vận hành L1: SLA/MTTA/MTTR, backlog, chất lượng nhật ký và chất lượng giao tiếp KH.
- Đảm bảo yêu cầu được ghi nhận đúng Ticket ID; không xử lý ngoài luồng thiếu truy vết.
- Đảm bảo chất lượng bàn giao Delivery ICT (QC, biên bản, hồ sơ).","* Trình độ & Kinh nghiệm:
- Tốt nghiệp Cao đẳng/Đại học chuyên ngành CNTT, Hệ thống mạng, Quản trị hệ thống hoặc các ngành liên quan.
- Có tối thiểu từ 03 – 05 năm kinh nghiệm trong lĩnh vực IT Support/Service Desk/Helpdesk.
- Có ít nhất 01 – 02 năm kinh nghiệm quản lý đội nhóm Service Desk hoặc vận hành hỗ trợ kỹ thuật.
- Có kinh nghiệm vận hành mô hình hỗ trợ theo SLA, ticket, escalation và xử lý sự cố khách hàng.
- Am hiểu quy trình Incident Management, Request Management, Change Management.
- Ưu tiên ứng viên từng làm việc trong môi trường MSP/ICT/System Integration/Data Center.
- Có kinh nghiệm phối hợp với các team L2/L3/Field Engineer.
- Ưu tiên có kinh nghiệm triển khai Delivery ICT hoặc quản lý vận hành dự án kỹ thuật.
* Yêu cầu kỹ năng:
- Kỹ năng quản lý và vận hành hệ thống
- Kỹ năng phân tích và xử lý sự cố (troubleshooting).
- Kỹ năng quản lý ticket, backlog và điều phối nguồn lực.
- Kỹ năng theo dõi và kiểm soát SLA/MTTA/MTTR.
- Kỹ năng xây dựng SOP, Knowledge Base (KB), checklist vận hành.
- Kỹ năng lập báo cáo, dashboard và phân tích dữ liệu vận hành.
- Hiểu biết về hệ thống mạng, máy chủ, Microsoft 365, AD, VPN hoặc các nền tảng IT phổ biến.
- Kỹ năng lãnh đạo và quản lý đội nhóm.
- Kỹ năng giao tiếp và chăm sóc khách hàng tốt.
- Kỹ năng phối hợp liên phòng ban và xử lý tình huống áp lực cao.
- Kỹ năng đào tạo, hướng dẫn và phát triển nhân viên.
- Tư duy dịch vụ (service mindset) và cải tiến vận hành liên tục.
- Chủ động, trách nhiệm và có khả năng ra quyết định nhanh chóng.","Được đi du lịch 2-3 lần trong 1 năm
Được hưởng chế độ BHYT, BHXH, BHTN theo quy định
Môi trường làm việc hòa đồng, thân thiện",2026-06-18,CareerLink,https://careerlink.vn/tim-viec-lam/truong-nhom-service-desk/3508236,0.8824,true
[Hòa Vang] -  Chuyên Viên IT,CÔNG TY CỔ PHẦN VACXIN VIỆT NAM,https://blob-careerlinkvn.careerlink.vn/company_logos/4811e8b0bf44ecd4ea97549877e1ffdb.png,"Hòa Vang, Đà Nẵng",Thương lượng,,,,"- Cài đặt thiết bị, phần mềm của công ty.
- Hỗ trợ người dùng cuối sử dụng hệ thống CNTT hiệu quả, đảm bảo công việc
- Quản trị và vận hành hệ thống mạng LAN, WAN, máy chủ
- Sao lưu và phục hồi ứng dụng
- Theo dõi, kiểm kê các thiết bị CNTT; tổng hợp, đề xuất nhu cầu trang bị, mua sắm, đi thuê, bảo dưỡng, nâng cấp, sửa chữa, thanh lý các thiết bị CNTT
- Vận hành và theo dõi tình trạng của các phần mềm ứng dụng
- Quản lý, cập nhật phiên bản, vá lỗi các chương trình ứng dụng
- Báo cáo tổng hợp tình trạng các ứng dụng.
- Đóng góp ý kiến và phản ánh những khó khăn trong quá trình giao dịch để cải tiến quy trình tốt hơn.
* Thời gian làm việc: Thứ 2 - CN, off 1 ngày trong tuần.
* Làm việc tại VNVC Hòa Vang","- Có ít nhất 1 năm kinh nghiệm IT Support.
- Tốt nghiệp chuyên ngành công nghệ thông tin.
- Có kiến thức và kinh nghiệm cơ bản về hệ thống mạng.
- Có kiến thức về hệ điều hành máy tính cá nhân, các dịch vụ hạ tầng Cisco, Firewall, Microsoft (DHCP, DNS,…) và các phần mềm văn phòng.
- Có khả năng giao tiếp, làm việc độc lập và làm việc theo nhóm.
- Có kiến thức về CSDL (SQL Server).
- Ưu tiên: Có khả năng phát triển phần mềm
- Có kinh nghiệm làm Phòng khám, bệnh viện là 1 lợi thế
- Hỗ trợ một số công việc bảo trì khi GĐ yêu cầu","BH đầy đủ, phép năm
Thưởng lễ, tết, sinh nhật",2026-07-03,CareerLink,https://careerlink.vn/tim-viec-lam/hoa-vang-chuyen-vien-it/3525870,0.8824,true
